GROUP,PACKAGE,CLASS,INSTRUCTION_MISSED,INSTRUCTION_COVERED,BRANCH_MISSED,BRANCH_COVERED,LINE_MISSED,LINE_COVERED,COMPLEXITY_MISSED,COMPLEXITY_COVERED,METHOD_MISSED,METHOD_COVERED
Powerunit - Java Testing framework for JDK 10 - Extension to provide unchecked exception for lambda.,ch.powerunit.extensions.exceptions,DoubleBinaryOperatorWithException,0,66,0,0,0,17,0,9,0,9
Powerunit - Java Testing framework for JDK 10 - Extension to provide unchecked exception for lambda.,ch.powerunit.extensions.exceptions,DoublePredicateWithException.new DoublePredicateWithException() {...},0,17,0,0,0,3,0,3,0,3
Powerunit - Java Testing framework for JDK 10 - Extension to provide unchecked exception for lambda.,ch.powerunit.extensions.exceptions,DoublePredicateWithException.new DoublePredicateWithException() {...},0,17,0,0,0,3,0,3,0,3
Powerunit - Java Testing framework for JDK 10 - Extension to provide unchecked exception for lambda.,ch.powerunit.extensions.exceptions,BiConsumerWithException.new BiConsumerWithException() {...},0,18,0,0,0,4,0,3,0,3
Powerunit - Java Testing framework for JDK 10 - Extension to provide unchecked exception for lambda.,ch.powerunit.extensions.exceptions,RunnableWithException,0,87,0,0,0,22,0,17,0,17
Powerunit - Java Testing framework for JDK 10 - Extension to provide unchecked exception for lambda.,ch.powerunit.extensions.exceptions,LongUnaryOperatorWithException.new LongUnaryOperatorWithException() {...},0,17,0,0,0,3,0,3,0,3
Powerunit - Java Testing framework for JDK 10 - Extension to provide unchecked exception for lambda.,ch.powerunit.extensions.exceptions,IntFunctionWithException,0,109,0,0,0,18,0,21,0,21
Powerunit - Java Testing framework for JDK 10 - Extension to provide unchecked exception for lambda.,ch.powerunit.extensions.exceptions,SupplierWithException,0,102,0,0,0,20,0,20,0,20
Powerunit - Java Testing framework for JDK 10 - Extension to provide unchecked exception for lambda.,ch.powerunit.extensions.exceptions,BooleanSupplierWithException,0,66,0,0,0,17,0,9,0,9
Powerunit - Java Testing framework for JDK 10 - Extension to provide unchecked exception for lambda.,ch.powerunit.extensions.exceptions,CommonsCollections4Helper,0,56,0,0,0,7,0,7,0,7
Powerunit - Java Testing framework for JDK 10 - Extension to provide unchecked exception for lambda.,ch.powerunit.extensions.exceptions,IntDefaultValue,0,2,0,0,0,1,0,1,0,1
Powerunit - Java Testing framework for JDK 10 - Extension to provide unchecked exception for lambda.,ch.powerunit.extensions.exceptions,IntConsumerWithException.new IntConsumerWithException() {...},0,17,0,0,0,4,0,3,0,3
Powerunit - Java Testing framework for JDK 10 - Extension to provide unchecked exception for lambda.,ch.powerunit.extensions.exceptions,DoubleToIntFunctionWithException,0,67,0,0,0,17,0,9,0,9
Powerunit - Java Testing framework for JDK 10 - Extension to provide unchecked exception for lambda.,ch.powerunit.extensions.exceptions,DoubleFunctionWithException,0,109,0,0,0,18,0,21,0,21
Powerunit - Java Testing framework for JDK 10 - Extension to provide unchecked exception for lambda.,ch.powerunit.extensions.exceptions,ObjLongConsumerWithException.new ObjLongConsumerWithException() {...},0,18,0,0,0,4,0,3,0,3
Powerunit - Java Testing framework for JDK 10 - Extension to provide unchecked exception for lambda.,ch.powerunit.extensions.exceptions,IntFunctionWithException.new IntFunctionWithException() {...},0,17,0,0,0,3,0,3,0,3
Powerunit - Java Testing framework for JDK 10 - Extension to provide unchecked exception for lambda.,ch.powerunit.extensions.exceptions,ConsumerWithException,0,108,0,0,0,22,0,21,0,21
Powerunit - Java Testing framework for JDK 10 - Extension to provide unchecked exception for lambda.,ch.powerunit.extensions.exceptions,BiConsumerWithException,0,117,0,0,0,22,0,21,0,21
Powerunit - Java Testing framework for JDK 10 - Extension to provide unchecked exception for lambda.,ch.powerunit.extensions.exceptions,IntUnaryOperatorWithException.new IntUnaryOperatorWithException() {...},0,17,0,0,0,3,0,3,0,3
Powerunit - Java Testing framework for JDK 10 - Extension to provide unchecked exception for lambda.,ch.powerunit.extensions.exceptions,IntUnaryOperatorWithException.new IntUnaryOperatorWithException() {...},0,17,0,0,0,3,0,3,0,3
Powerunit - Java Testing framework for JDK 10 - Extension to provide unchecked exception for lambda.,ch.powerunit.extensions.exceptions,LongSupplierWithException.new LongSupplierWithException() {...},0,16,0,0,0,3,0,3,0,3
Powerunit - Java Testing framework for JDK 10 - Extension to provide unchecked exception for lambda.,ch.powerunit.extensions.exceptions,LongSupplierWithException.new LongSupplierWithException() {...},0,16,0,0,0,3,0,3,0,3
Powerunit - Java Testing framework for JDK 10 - Extension to provide unchecked exception for lambda.,ch.powerunit.extensions.exceptions,LongConsumerWithException,0,103,0,0,0,19,0,19,0,19
Powerunit - Java Testing framework for JDK 10 - Extension to provide unchecked exception for lambda.,ch.powerunit.extensions.exceptions,LongFunctionWithException,0,109,0,0,0,18,0,21,0,21
Powerunit - Java Testing framework for JDK 10 - Extension to provide unchecked exception for lambda.,ch.powerunit.extensions.exceptions,LongUnaryOperatorWithException.new LongUnaryOperatorWithException() {...},0,17,0,0,0,3,0,3,0,3
Powerunit - Java Testing framework for JDK 10 - Extension to provide unchecked exception for lambda.,ch.powerunit.extensions.exceptions,IntBinaryOperatorWithException,0,68,0,0,0,17,0,9,0,9
Powerunit - Java Testing framework for JDK 10 - Extension to provide unchecked exception for lambda.,ch.powerunit.extensions.exceptions,RunnableWithException.new RunnableWithException() {...},0,16,0,0,0,4,0,3,0,3
Powerunit - Java Testing framework for JDK 10 - Extension to provide unchecked exception for lambda.,ch.powerunit.extensions.exceptions,LongBinaryOperatorWithException.new LongBinaryOperatorWithException() {...},0,18,0,0,0,3,0,3,0,3
Powerunit - Java Testing framework for JDK 10 - Extension to provide unchecked exception for lambda.,ch.powerunit.extensions.exceptions,DoubleFunctionWithException.new DoubleFunctionWithException() {...},0,17,0,0,0,3,0,3,0,3
Powerunit - Java Testing framework for JDK 10 - Extension to provide unchecked exception for lambda.,ch.powerunit.extensions.exceptions,IntFunctionWithException.new IntFunctionWithException() {...},0,17,0,0,0,3,0,3,0,3
Powerunit - Java Testing framework for JDK 10 - Extension to provide unchecked exception for lambda.,ch.powerunit.extensions.exceptions,Constants,0,147,0,0,0,25,0,16,0,16
Powerunit - Java Testing framework for JDK 10 - Extension to provide unchecked exception for lambda.,ch.powerunit.extensions.exceptions,DoubleFunctionWithException.new DoubleFunctionWithException() {...},0,17,0,0,0,3,0,3,0,3
Powerunit - Java Testing framework for JDK 10 - Extension to provide unchecked exception for lambda.,ch.powerunit.extensions.exceptions,DoublePredicateWithException,0,121,0,10,0,23,0,21,0,16
Powerunit - Java Testing framework for JDK 10 - Extension to provide unchecked exception for lambda.,ch.powerunit.extensions.exceptions,LongBinaryOperatorWithException.new LongBinaryOperatorWithException() {...},0,18,0,0,0,3,0,3,0,3
Powerunit - Java Testing framework for JDK 10 - Extension to provide unchecked exception for lambda.,ch.powerunit.extensions.exceptions,ToIntBiFunctionWithException.new ToIntBiFunctionWithException() {...},0,18,0,0,0,3,0,3,0,3
Powerunit - Java Testing framework for JDK 10 - Extension to provide unchecked exception for lambda.,ch.powerunit.extensions.exceptions,ToLongFunctionWithException,0,67,0,0,0,17,0,9,0,9
Powerunit - Java Testing framework for JDK 10 - Extension to provide unchecked exception for lambda.,ch.powerunit.extensions.exceptions,IntBinaryOperatorWithException.new IntBinaryOperatorWithException() {...},0,18,0,0,0,3,0,3,0,3
Powerunit - Java Testing framework for JDK 10 - Extension to provide unchecked exception for lambda.,ch.powerunit.extensions.exceptions,IntBinaryOperatorWithException.new IntBinaryOperatorWithException() {...},0,18,0,0,0,3,0,3,0,3
Powerunit - Java Testing framework for JDK 10 - Extension to provide unchecked exception for lambda.,ch.powerunit.extensions.exceptions,ToIntBiFunctionWithException.new ToIntBiFunctionWithException() {...},0,18,0,0,0,3,0,3,0,3
Powerunit - Java Testing framework for JDK 10 - Extension to provide unchecked exception for lambda.,ch.powerunit.extensions.exceptions,ToIntFunctionWithException.new ToIntFunctionWithException() {...},0,17,0,0,0,3,0,3,0,3
Powerunit - Java Testing framework for JDK 10 - Extension to provide unchecked exception for lambda.,ch.powerunit.extensions.exceptions,IntToLongFunctionWithException,0,67,0,0,0,17,0,9,0,9
Powerunit - Java Testing framework for JDK 10 - Extension to provide unchecked exception for lambda.,ch.powerunit.extensions.exceptions,ToIntFunctionWithException.new ToIntFunctionWithException() {...},0,17,0,0,0,3,0,3,0,3
Powerunit - Java Testing framework for JDK 10 - Extension to provide unchecked exception for lambda.,ch.powerunit.extensions.exceptions,UnaryOperatorWithException,0,73,0,0,0,13,0,16,0,16
Powerunit - Java Testing framework for JDK 10 - Extension to provide unchecked exception for lambda.,ch.powerunit.extensions.exceptions,IntUnaryOperatorWithException,0,97,0,0,0,22,0,15,0,15
Powerunit - Java Testing framework for JDK 10 - Extension to provide unchecked exception for lambda.,ch.powerunit.extensions.exceptions,ObjLongConsumerWithException,0,96,0,0,0,14,0,17,0,17
Powerunit - Java Testing framework for JDK 10 - Extension to provide unchecked exception for lambda.,ch.powerunit.extensions.exceptions,SupplierWithException.new SupplierWithException() {...},0,16,0,0,0,3,0,3,0,3
Powerunit - Java Testing framework for JDK 10 - Extension to provide unchecked exception for lambda.,ch.powerunit.extensions.exceptions,DoubleToLongFunctionWithException.new DoubleToLongFunctionWithException() {...},0,17,0,0,0,3,0,3,0,3
Powerunit - Java Testing framework for JDK 10 - Extension to provide unchecked exception for lambda.,ch.powerunit.extensions.exceptions,DoubleToLongFunctionWithException.new DoubleToLongFunctionWithException() {...},0,17,0,0,0,3,0,3,0,3
Powerunit - Java Testing framework for JDK 10 - Extension to provide unchecked exception for lambda.,ch.powerunit.extensions.exceptions,IntToDoubleFunctionWithException,0,67,0,0,0,17,0,9,0,9
Powerunit - Java Testing framework for JDK 10 - Extension to provide unchecked exception for lambda.,ch.powerunit.extensions.exceptions,SupplierWithException.new SupplierWithException() {...},0,16,0,0,0,3,0,3,0,3
Powerunit - Java Testing framework for JDK 10 - Extension to provide unchecked exception for lambda.,ch.powerunit.extensions.exceptions,ObjectInputFilterWithException,0,112,0,0,0,20,0,20,0,20
Powerunit - Java Testing framework for JDK 10 - Extension to provide unchecked exception for lambda.,ch.powerunit.extensions.exceptions,BinaryOperatorWithException,0,73,0,0,0,12,0,14,0,14
Powerunit - Java Testing framework for JDK 10 - Extension to provide unchecked exception for lambda.,ch.powerunit.extensions.exceptions,BiFunctionWithException.new BiFunctionWithException() {...},0,18,0,0,0,3,0,3,0,3
Powerunit - Java Testing framework for JDK 10 - Extension to provide unchecked exception for lambda.,ch.powerunit.extensions.exceptions,ToLongFunctionWithException.new ToLongFunctionWithException() {...},0,17,0,0,0,3,0,3,0,3
Powerunit - Java Testing framework for JDK 10 - Extension to provide unchecked exception for lambda.,ch.powerunit.extensions.exceptions,ToLongFunctionWithException.new ToLongFunctionWithException() {...},0,17,0,0,0,3,0,3,0,3
Powerunit - Java Testing framework for JDK 10 - Extension to provide unchecked exception for lambda.,ch.powerunit.extensions.exceptions,BiFunctionWithException.new BiFunctionWithException() {...},0,18,0,0,0,3,0,3,0,3
Powerunit - Java Testing framework for JDK 10 - Extension to provide unchecked exception for lambda.,ch.powerunit.extensions.exceptions,ExceptionMapper,20,137,0,8,0,22,4,23,4,19
Powerunit - Java Testing framework for JDK 10 - Extension to provide unchecked exception for lambda.,ch.powerunit.extensions.exceptions,FileFilterWithException.new FileFilterWithException() {...},0,17,0,0,0,3,0,3,0,3
Powerunit - Java Testing framework for JDK 10 - Extension to provide unchecked exception for lambda.,ch.powerunit.extensions.exceptions,FileFilterWithException.new FileFilterWithException() {...},0,17,0,0,0,3,0,3,0,3
Powerunit - Java Testing framework for JDK 10 - Extension to provide unchecked exception for lambda.,ch.powerunit.extensions.exceptions,FunctionWithException.new FunctionWithException() {...},0,17,0,0,0,3,0,3,0,3
Powerunit - Java Testing framework for JDK 10 - Extension to provide unchecked exception for lambda.,ch.powerunit.extensions.exceptions,FunctionWithException.new FunctionWithException() {...},0,17,0,0,0,3,0,3,0,3
Powerunit - Java Testing framework for JDK 10 - Extension to provide unchecked exception for lambda.,ch.powerunit.extensions.exceptions,DoubleSupplierWithException.new DoubleSupplierWithException() {...},0,16,0,0,0,3,0,3,0,3
Powerunit - Java Testing framework for JDK 10 - Extension to provide unchecked exception for lambda.,ch.powerunit.extensions.exceptions,DoubleSupplierWithException.new DoubleSupplierWithException() {...},0,16,0,0,0,3,0,3,0,3
Powerunit - Java Testing framework for JDK 10 - Extension to provide unchecked exception for lambda.,ch.powerunit.extensions.exceptions,LongToIntFunctionWithException,0,71,0,0,0,19,0,11,0,11
Powerunit - Java Testing framework for JDK 10 - Extension to provide unchecked exception for lambda.,ch.powerunit.extensions.exceptions,DoubleUnaryOperatorWithException.new DoubleUnaryOperatorWithException() {...},0,17,0,0,0,3,0,3,0,3
Powerunit - Java Testing framework for JDK 10 - Extension to provide unchecked exception for lambda.,ch.powerunit.extensions.exceptions,DoubleUnaryOperatorWithException.new DoubleUnaryOperatorWithException() {...},0,17,0,0,0,3,0,3,0,3
Powerunit - Java Testing framework for JDK 10 - Extension to provide unchecked exception for lambda.,ch.powerunit.extensions.exceptions,ObjDoubleConsumerWithException.new ObjDoubleConsumerWithException() {...},0,18,0,0,0,4,0,3,0,3
Powerunit - Java Testing framework for JDK 10 - Extension to provide unchecked exception for lambda.,ch.powerunit.extensions.exceptions,ExceptionHandlerSupport,0,9,0,0,0,2,0,2,0,2
Powerunit - Java Testing framework for JDK 10 - Extension to provide unchecked exception for lambda.,ch.powerunit.extensions.exceptions,LongUnaryOperatorWithException,0,101,0,0,0,24,0,17,0,17
Powerunit - Java Testing framework for JDK 10 - Extension to provide unchecked exception for lambda.,ch.powerunit.extensions.exceptions,DoubleToLongFunctionWithException,0,67,0,0,0,17,0,9,0,9
Powerunit - Java Testing framework for JDK 10 - Extension to provide unchecked exception for lambda.,ch.powerunit.extensions.exceptions,BiPredicateWithException,0,127,0,10,0,23,0,21,0,16
Powerunit - Java Testing framework for JDK 10 - Extension to provide unchecked exception for lambda.,ch.powerunit.extensions.exceptions,LongToDoubleFunctionWithException,0,71,0,0,0,19,0,11,0,11
Powerunit - Java Testing framework for JDK 10 - Extension to provide unchecked exception for lambda.,ch.powerunit.extensions.exceptions,ToIntBiFunctionWithException,0,68,0,0,0,17,0,9,0,9
Powerunit - Java Testing framework for JDK 10 - Extension to provide unchecked exception for lambda.,ch.powerunit.extensions.exceptions,ObjectReturnExceptionHandlerSupport,0,31,0,0,0,10,0,7,0,7
Powerunit - Java Testing framework for JDK 10 - Extension to provide unchecked exception for lambda.,ch.powerunit.extensions.exceptions,LongToDoubleFunctionWithException.new LongToDoubleFunctionWithException() {...},0,17,0,0,0,3,0,3,0,3
Powerunit - Java Testing framework for JDK 10 - Extension to provide unchecked exception for lambda.,ch.powerunit.extensions.exceptions,LongToDoubleFunctionWithException.new LongToDoubleFunctionWithException() {...},0,17,0,0,0,3,0,3,0,3
Powerunit - Java Testing framework for JDK 10 - Extension to provide unchecked exception for lambda.,ch.powerunit.extensions.exceptions,DoubleBinaryOperatorWithException.new DoubleBinaryOperatorWithException() {...},0,18,0,0,0,3,0,3,0,3
Powerunit - Java Testing framework for JDK 10 - Extension to provide unchecked exception for lambda.,ch.powerunit.extensions.exceptions,DoubleBinaryOperatorWithException.new DoubleBinaryOperatorWithException() {...},0,18,0,0,0,3,0,3,0,3
Powerunit - Java Testing framework for JDK 10 - Extension to provide unchecked exception for lambda.,ch.powerunit.extensions.exceptions,LongBinaryOperatorWithException,0,68,0,0,0,17,0,9,0,9
Powerunit - Java Testing framework for JDK 10 - Extension to provide unchecked exception for lambda.,ch.powerunit.extensions.exceptions,PredicateWithException.new PredicateWithException() {...},0,17,0,0,0,3,0,3,0,3
Powerunit - Java Testing framework for JDK 10 - Extension to provide unchecked exception for lambda.,ch.powerunit.extensions.exceptions,ToLongBiFunctionWithException.new ToLongBiFunctionWithException() {...},0,18,0,0,0,3,0,3,0,3
Powerunit - Java Testing framework for JDK 10 - Extension to provide unchecked exception for lambda.,ch.powerunit.extensions.exceptions,ToLongBiFunctionWithException.new ToLongBiFunctionWithException() {...},0,18,0,0,0,3,0,3,0,3
Powerunit - Java Testing framework for JDK 10 - Extension to provide unchecked exception for lambda.,ch.powerunit.extensions.exceptions,InternalHelper,0,64,0,4,0,13,0,8,0,6
Powerunit - Java Testing framework for JDK 10 - Extension to provide unchecked exception for lambda.,ch.powerunit.extensions.exceptions,IntToLongFunctionWithException.new IntToLongFunctionWithException() {...},0,17,0,0,0,3,0,3,0,3
Powerunit - Java Testing framework for JDK 10 - Extension to provide unchecked exception for lambda.,ch.powerunit.extensions.exceptions,IntToLongFunctionWithException.new IntToLongFunctionWithException() {...},0,17,0,0,0,3,0,3,0,3
Powerunit - Java Testing framework for JDK 10 - Extension to provide unchecked exception for lambda.,ch.powerunit.extensions.exceptions,DoubleDefaultValue,0,2,0,0,0,1,0,1,0,1
Powerunit - Java Testing framework for JDK 10 - Extension to provide unchecked exception for lambda.,ch.powerunit.extensions.exceptions,LongPredicateWithException.new LongPredicateWithException() {...},0,17,0,0,0,3,0,3,0,3
Powerunit - Java Testing framework for JDK 10 - Extension to provide unchecked exception for lambda.,ch.powerunit.extensions.exceptions,ToDoubleFunctionWithException,0,67,0,0,0,17,0,9,0,9
Powerunit - Java Testing framework for JDK 10 - Extension to provide unchecked exception for lambda.,ch.powerunit.extensions.exceptions,PredicateWithException,0,121,0,10,0,23,0,21,0,16
Powerunit - Java Testing framework for JDK 10 - Extension to provide unchecked exception for lambda.,ch.powerunit.extensions.exceptions,LongPredicateWithException.new LongPredicateWithException() {...},0,17,0,0,0,3,0,3,0,3
Powerunit - Java Testing framework for JDK 10 - Extension to provide unchecked exception for lambda.,ch.powerunit.extensions.exceptions,DoubleUnaryOperatorWithException,0,97,0,0,0,22,0,15,0,15
Powerunit - Java Testing framework for JDK 10 - Extension to provide unchecked exception for lambda.,ch.powerunit.extensions.exceptions,BiFunctionWithException,0,146,0,0,0,24,0,26,0,26
Powerunit - Java Testing framework for JDK 10 - Extension to provide unchecked exception for lambda.,ch.powerunit.extensions.exceptions,IntSupplierWithException,0,66,0,0,0,17,0,9,0,9
Powerunit - Java Testing framework for JDK 10 - Extension to provide unchecked exception for lambda.,ch.powerunit.extensions.exceptions,DoubleConsumerWithException,0,103,0,0,0,19,0,19,0,19
Powerunit - Java Testing framework for JDK 10 - Extension to provide unchecked exception for lambda.,ch.powerunit.extensions.exceptions,ToLongBiFunctionWithException,0,68,0,0,0,17,0,9,0,9
Powerunit - Java Testing framework for JDK 10 - Extension to provide unchecked exception for lambda.,ch.powerunit.extensions.exceptions,FunctionWithException,0,196,0,0,0,33,0,39,0,39
Powerunit - Java Testing framework for JDK 10 - Extension to provide unchecked exception for lambda.,ch.powerunit.extensions.exceptions,ObjIntConsumerWithException,0,96,0,0,0,14,0,17,0,17
Powerunit - Java Testing framework for JDK 10 - Extension to provide unchecked exception for lambda.,ch.powerunit.extensions.exceptions,DoubleSupplierWithException,0,66,0,0,0,17,0,9,0,9
Powerunit - Java Testing framework for JDK 10 - Extension to provide unchecked exception for lambda.,ch.powerunit.extensions.exceptions,ConsumerWithException.new ConsumerWithException() {...},0,17,0,0,0,4,0,3,0,3
Powerunit - Java Testing framework for JDK 10 - Extension to provide unchecked exception for lambda.,ch.powerunit.extensions.exceptions,IntToDoubleFunctionWithException.new IntToDoubleFunctionWithException() {...},0,17,0,0,0,3,0,3,0,3
Powerunit - Java Testing framework for JDK 10 - Extension to provide unchecked exception for lambda.,ch.powerunit.extensions.exceptions,ToIntFunctionWithException,0,67,0,0,0,17,0,9,0,9
Powerunit - Java Testing framework for JDK 10 - Extension to provide unchecked exception for lambda.,ch.powerunit.extensions.exceptions,IntToDoubleFunctionWithException.new IntToDoubleFunctionWithException() {...},0,17,0,0,0,3,0,3,0,3
Powerunit - Java Testing framework for JDK 10 - Extension to provide unchecked exception for lambda.,ch.powerunit.extensions.exceptions,DoubleConsumerWithException.new DoubleConsumerWithException() {...},0,17,0,0,0,4,0,3,0,3
Powerunit - Java Testing framework for JDK 10 - Extension to provide unchecked exception for lambda.,ch.powerunit.extensions.exceptions,ObjDoubleConsumerWithException,0,96,0,0,0,14,0,17,0,17
Powerunit - Java Testing framework for JDK 10 - Extension to provide unchecked exception for lambda.,ch.powerunit.extensions.exceptions,BooleanSupplierWithException.new BooleanSupplierWithException() {...},0,16,0,0,0,3,0,3,0,3
Powerunit - Java Testing framework for JDK 10 - Extension to provide unchecked exception for lambda.,ch.powerunit.extensions.exceptions,BooleanSupplierWithException.new BooleanSupplierWithException() {...},0,16,0,0,0,3,0,3,0,3
Powerunit - Java Testing framework for JDK 10 - Extension to provide unchecked exception for lambda.,ch.powerunit.extensions.exceptions,FilenameFilterWithException,0,127,0,10,0,23,0,21,0,16
Powerunit - Java Testing framework for JDK 10 - Extension to provide unchecked exception for lambda.,ch.powerunit.extensions.exceptions,LongPredicateWithException,0,121,0,10,0,23,0,21,0,16
Powerunit - Java Testing framework for JDK 10 - Extension to provide unchecked exception for lambda.,ch.powerunit.extensions.exceptions,IntPredicateWithException.new IntPredicateWithException() {...},0,17,0,0,0,3,0,3,0,3
Powerunit - Java Testing framework for JDK 10 - Extension to provide unchecked exception for lambda.,ch.powerunit.extensions.exceptions,IntPredicateWithException.new IntPredicateWithException() {...},0,17,0,0,0,3,0,3,0,3
Powerunit - Java Testing framework for JDK 10 - Extension to provide unchecked exception for lambda.,ch.powerunit.extensions.exceptions,LongDefaultValue,0,2,0,0,0,1,0,1,0,1
Powerunit - Java Testing framework for JDK 10 - Extension to provide unchecked exception for lambda.,ch.powerunit.extensions.exceptions,FilenameFilterWithException.new FilenameFilterWithException() {...},0,18,0,0,0,3,0,3,0,3
Powerunit - Java Testing framework for JDK 10 - Extension to provide unchecked exception for lambda.,ch.powerunit.extensions.exceptions,IntConsumerWithException,0,103,0,0,0,19,0,19,0,19
Powerunit - Java Testing framework for JDK 10 - Extension to provide unchecked exception for lambda.,ch.powerunit.extensions.exceptions,LongToIntFunctionWithException.new LongToIntFunctionWithException() {...},0,17,0,0,0,3,0,3,0,3
Powerunit - Java Testing framework for JDK 10 - Extension to provide unchecked exception for lambda.,ch.powerunit.extensions.exceptions,LongToIntFunctionWithException.new LongToIntFunctionWithException() {...},0,17,0,0,0,3,0,3,0,3
Powerunit - Java Testing framework for JDK 10 - Extension to provide unchecked exception for lambda.,ch.powerunit.extensions.exceptions,FilenameFilterWithException.new FilenameFilterWithException() {...},0,18,0,0,0,3,0,3,0,3
Powerunit - Java Testing framework for JDK 10 - Extension to provide unchecked exception for lambda.,ch.powerunit.extensions.exceptions,NoReturnExceptionHandlerSupport,0,32,0,0,0,14,0,7,0,7
Powerunit - Java Testing framework for JDK 10 - Extension to provide unchecked exception for lambda.,ch.powerunit.extensions.exceptions,LongFunctionWithException.new LongFunctionWithException() {...},0,17,0,0,0,3,0,3,0,3
Powerunit - Java Testing framework for JDK 10 - Extension to provide unchecked exception for lambda.,ch.powerunit.extensions.exceptions,ToDoubleBiFunctionWithException,0,68,0,0,0,17,0,9,0,9
Powerunit - Java Testing framework for JDK 10 - Extension to provide unchecked exception for lambda.,ch.powerunit.extensions.exceptions,LongFunctionWithException.new LongFunctionWithException() {...},0,17,0,0,0,3,0,3,0,3
Powerunit - Java Testing framework for JDK 10 - Extension to provide unchecked exception for lambda.,ch.powerunit.extensions.exceptions,BooleanDefaultValue,0,2,0,0,0,1,0,1,0,1
Powerunit - Java Testing framework for JDK 10 - Extension to provide unchecked exception for lambda.,ch.powerunit.extensions.exceptions,ToDoubleBiFunctionWithException.new ToDoubleBiFunctionWithException() {...},0,18,0,0,0,3,0,3,0,3
Powerunit - Java Testing framework for JDK 10 - Extension to provide unchecked exception for lambda.,ch.powerunit.extensions.exceptions,ToDoubleBiFunctionWithException.new ToDoubleBiFunctionWithException() {...},0,18,0,0,0,3,0,3,0,3
Powerunit - Java Testing framework for JDK 10 - Extension to provide unchecked exception for lambda.,ch.powerunit.extensions.exceptions,WrappedException,0,15,0,0,0,6,0,3,0,3
Powerunit - Java Testing framework for JDK 10 - Extension to provide unchecked exception for lambda.,ch.powerunit.extensions.exceptions,IntPredicateWithException,0,121,0,10,0,23,0,21,0,16
Powerunit - Java Testing framework for JDK 10 - Extension to provide unchecked exception for lambda.,ch.powerunit.extensions.exceptions,DoubleToIntFunctionWithException.new DoubleToIntFunctionWithException() {...},0,17,0,0,0,3,0,3,0,3
Powerunit - Java Testing framework for JDK 10 - Extension to provide unchecked exception for lambda.,ch.powerunit.extensions.exceptions,ObjIntConsumerWithException.new ObjIntConsumerWithException() {...},0,18,0,0,0,4,0,3,0,3
Powerunit - Java Testing framework for JDK 10 - Extension to provide unchecked exception for lambda.,ch.powerunit.extensions.exceptions,PathMatcherWithException,0,121,0,10,0,23,0,21,0,16
Powerunit - Java Testing framework for JDK 10 - Extension to provide unchecked exception for lambda.,ch.powerunit.extensions.exceptions,BinaryOperatorWithException.new BinaryOperatorWithException() {...},0,18,0,0,0,3,0,3,0,3
Powerunit - Java Testing framework for JDK 10 - Extension to provide unchecked exception for lambda.,ch.powerunit.extensions.exceptions,UnaryOperatorWithException.new UnaryOperatorWithException() {...},0,17,0,0,0,3,0,3,0,3
Powerunit - Java Testing framework for JDK 10 - Extension to provide unchecked exception for lambda.,ch.powerunit.extensions.exceptions,DoubleToIntFunctionWithException.new DoubleToIntFunctionWithException() {...},0,17,0,0,0,3,0,3,0,3
Powerunit - Java Testing framework for JDK 10 - Extension to provide unchecked exception for lambda.,ch.powerunit.extensions.exceptions,PathMatcherWithException.new PathMatcherWithException() {...},0,17,0,0,0,3,0,3,0,3
Powerunit - Java Testing framework for JDK 10 - Extension to provide unchecked exception for lambda.,ch.powerunit.extensions.exceptions,IntSupplierWithException.new IntSupplierWithException() {...},0,16,0,0,0,3,0,3,0,3
Powerunit - Java Testing framework for JDK 10 - Extension to provide unchecked exception for lambda.,ch.powerunit.extensions.exceptions,PathMatcherWithException.new PathMatcherWithException() {...},0,17,0,0,0,3,0,3,0,3
Powerunit - Java Testing framework for JDK 10 - Extension to provide unchecked exception for lambda.,ch.powerunit.extensions.exceptions,LongSupplierWithException,0,70,0,0,0,19,0,11,0,11
Powerunit - Java Testing framework for JDK 10 - Extension to provide unchecked exception for lambda.,ch.powerunit.extensions.exceptions,PredicateWithException.new PredicateWithException() {...},0,17,0,0,0,3,0,3,0,3
Powerunit - Java Testing framework for JDK 10 - Extension to provide unchecked exception for lambda.,ch.powerunit.extensions.exceptions,IntSupplierWithException.new IntSupplierWithException() {...},0,16,0,0,0,3,0,3,0,3
Powerunit - Java Testing framework for JDK 10 - Extension to provide unchecked exception for lambda.,ch.powerunit.extensions.exceptions,PrimitiveReturnExceptionHandlerSupport,0,19,0,2,0,6,0,5,0,4
Powerunit - Java Testing framework for JDK 10 - Extension to provide unchecked exception for lambda.,ch.powerunit.extensions.exceptions,BiPredicateWithException.new BiPredicateWithException() {...},0,18,0,0,0,3,0,3,0,3
Powerunit - Java Testing framework for JDK 10 - Extension to provide unchecked exception for lambda.,ch.powerunit.extensions.exceptions,ObjectInputFilterWithException.new ObjectInputFilterWithException() {...},0,17,0,0,0,3,0,3,0,3
Powerunit - Java Testing framework for JDK 10 - Extension to provide unchecked exception for lambda.,ch.powerunit.extensions.exceptions,BiPredicateWithException.new BiPredicateWithException() {...},0,18,0,0,0,3,0,3,0,3
Powerunit - Java Testing framework for JDK 10 - Extension to provide unchecked exception for lambda.,ch.powerunit.extensions.exceptions,FileFilterWithException,0,121,0,10,0,23,0,21,0,16
Powerunit - Java Testing framework for JDK 10 - Extension to provide unchecked exception for lambda.,ch.powerunit.extensions.exceptions,LongConsumerWithException.new LongConsumerWithException() {...},0,17,0,0,0,4,0,3,0,3
Powerunit - Java Testing framework for JDK 10 - Extension to provide unchecked exception for lambda.,ch.powerunit.extensions.exceptions,ToDoubleFunctionWithException.new ToDoubleFunctionWithException() {...},0,17,0,0,0,3,0,3,0,3
Powerunit - Java Testing framework for JDK 10 - Extension to provide unchecked exception for lambda.,ch.powerunit.extensions.exceptions,ToDoubleFunctionWithException.new ToDoubleFunctionWithException() {...},0,17,0,0,0,3,0,3,0,3
Powerunit - Java Testing framework for JDK 10 - Extension to provide unchecked exception for lambda.,ch.powerunit.extensions.exceptions,ObjectInputFilterWithException.new ObjectInputFilterWithException() {...},0,17,0,0,0,3,0,3,0,3
Powerunit - Java Testing framework for JDK 10 - Extension to provide unchecked exception for lambda.,ch.powerunit.extensions.exceptions,ExceptionMapper.new ExceptionMapper() {...},0,38,0,2,0,4,0,5,0,4
